{"cameraMode":{"drawMode":0,"name":"Shaded","section":"Shading Mode"},"sceneLighting":false,"audioPlay":false,"sceneViewState":{"showFog":true,"showMaterialUpdate":false,"showSkybox":false,"showFlares":true,"showImageEffects":true,"showParticleSystems":true},"in2DMode":false,"pivot":{"x":6.052520751953125,"y":-2.164830207824707,"z":11.215279579162598},"rotation":{"x":-0.1116509735584259,"y":-0.5144107341766357,"z":0.0677599236369133,"w":-0.8475401401519775},"size":24.249950408935548,"orthographic":false}