{"cameraMode":{"drawMode":0,"name":"Shaded","section":"Shading Mode"},"sceneLighting":true,"audioPlay":false,"sceneViewState":{"showFog":true,"showMaterialUpdate":false,"showSkybox":true,"showFlares":true,"showImageEffects":true,"showParticleSystems":true},"in2DMode":false,"pivot":{"x":366.2972412109375,"y":195.17620849609376,"z":124.93170166015625},"rotation":{"x":0.005688703618943691,"y":0.007784159854054451,"z":0.00004514948886935599,"w":-0.99995356798172},"size":1086.3226318359375,"orthographic":false}