{"cameraMode":{"drawMode":0,"name":"Shaded","section":"Shading Mode"},"sceneLighting":true,"audioPlay":false,"sceneViewState":{"showFog":true,"showMaterialUpdate":false,"showSkybox":true,"showFlares":true,"showImageEffects":true,"showParticleSystems":true},"in2DMode":false,"pivot":{"x":44.73713684082031,"y":1.6805907487869263,"z":-10.447641372680664},"rotation":{"x":0.17620225250720979,"y":-0.18308289349079133,"z":0.033373553305864337,"w":0.9666021466255188},"size":3.6487021446228029,"orthographic":false}