{"cameraMode":{"drawMode":0,"name":"Shaded","section":"Shading Mode"},"sceneLighting":true,"audioPlay":false,"sceneViewState":{"showFog":true,"showMaterialUpdate":false,"showSkybox":true,"showFlares":true,"showImageEffects":true,"showParticleSystems":true},"in2DMode":false,"pivot":{"x":584.9874267578125,"y":56.62495040893555,"z":0.0},"rotation":{"x":-0.14858649671077729,"y":0.40660735964775088,"z":-0.06720821559429169,"w":-0.8989302515983582},"size":380.27508544921877,"orthographic":false}