{"cameraMode":{"drawMode":0,"name":"Shaded","section":"Shading Mode"},"sceneLighting":true,"audioPlay":false,"sceneViewState":{"showFog":true,"showMaterialUpdate":false,"showSkybox":true,"showFlares":true,"showImageEffects":true,"showParticleSystems":true},"in2DMode":false,"pivot":{"x":526.9686279296875,"y":230.6021728515625,"z":-1.8779256343841553},"rotation":{"x":0.031803395599126819,"y":-0.0041873399168252949,"z":0.00013352218957152218,"w":0.999485433101654},"size":576.421142578125,"orthographic":false}