{"cameraMode":{"drawMode":0,"name":"Shaded","section":"Shading Mode"},"sceneLighting":true,"audioPlay":false,"sceneViewState":{"showFog":true,"showMaterialUpdate":false,"showSkybox":true,"showFlares":true,"showImageEffects":true,"showParticleSystems":true},"in2DMode":false,"pivot":{"x":14.389931678771973,"y":20.846662521362306,"z":-6.925654888153076},"rotation":{"x":0.21484389901161195,"y":-0.6465476751327515,"z":0.19703753292560578,"w":0.7049784064292908},"size":3.6487021446228029,"orthographic":false}