{"cameraMode":{"drawMode":0,"name":"Shaded","section":"Shading Mode"},"sceneLighting":true,"audioPlay":false,"sceneViewState":{"showFog":true,"showMaterialUpdate":false,"showSkybox":true,"showFlares":true,"showImageEffects":true,"showParticleSystems":true},"in2DMode":false,"pivot":{"x":3.2521424293518068,"y":3.2582974433898927,"z":7.411807537078857},"rotation":{"x":0.15814357995986939,"y":-0.5847124457359314,"z":0.1175006702542305,"w":0.7869534492492676},"size":4.226867198944092,"orthographic":false}